ContactID Source,ContactID Match,Match Accuracy
1,501,Low
2,502,Low
3,503,Low
4,504,Low
5,505,Low
6,506,Low
7,507,Low
8,508,Medium
9,509,Medium
10,510,Medium
11,511,Low
12,512,Low
13,513,Low
14,514,Low
15,515,Low
16,516,Low
17,517,Medium
18,518,Low
19,519,Low
20,520,Medium
21,521,Low
22,522,Medium
23,523,Low
24,524,Medium
25,525,Low
26,526,Low
27,527,Low
28,528,Medium
29,529,Medium
30,530,Low
31,531,Medium
32,532,Medium
33,533,Medium
34,534,Low
35,535,Low
36,328,Low
36,536,Low
37,537,Low
38,538,Low
39,397,Low
39,539,Medium
39,897,Low
40,540,Medium
41,541,Medium
42,542,Low
43,543,Low
44,544,Low
45,545,Medium
46,546,Medium
47,547,Low
48,548,Medium
49,549,Low
50,550,Low
51,551,Low
52,552,Low
53,553,Low
54,554,Low
55,555,Low
56,556,Low
57,557,Medium
58,558,Low
59,559,Medium
60,560,Low
61,561,Low
62,562,Medium
63,563,Medium
64,564,Low
65,565,Medium
66,566,Medium
67,567,Low
68,568,Low
69,569,Low
70,570,Low
71,571,Low
72,572,Low
73,573,Medium
74,574,Low
75,575,Low
76,576,Medium
77,577,Medium
78,578,Medium
79,579,Medium
80,580,Medium
81,581,Low
82,582,Medium
83,583,Low
84,584,Low
85,585,Medium
86,586,Medium
87,587,Low
88,588,Low
89,589,Medium
90,590,Medium
91,345,Low
91,591,Low
91,845,Low
92,592,Low
93,593,Low
94,594,Medium
95,595,Medium
96,596,Medium
97,597,Medium
98,598,Medium
99,599,Low
100,600,Low
101,601,Medium
102,602,Low
103,603,Medium
104,604,Medium
105,605,Medium
106,606,Medium
107,607,Medium
108,608,Low
109,609,Low
110,610,Medium
111,611,Medium
112,612,Medium
113,613,Low
114,614,Medium
115,615,Low
116,616,Medium
117,617,Low
118,618,Medium
119,619,Medium
120,620,Medium
121,621,Medium
122,622,Low
123,623,Low
124,624,Medium
125,625,Medium
126,626,Medium
127,627,Medium
128,628,Low
129,629,Medium
130,630,Low
131,631,Medium
132,632,Low
133,633,Low
134,634,Low
135,635,Medium
136,636,Low
137,637,Low
138,638,Low
139,639,Medium
140,640,Low
141,641,Low
142,642,Low
143,643,Low
144,644,Low
145,645,Low
146,646,Medium
147,647,Low
148,648,Low
149,649,Low
150,650,Low
151,651,Low
152,652,Low
153,653,Medium
154,654,Medium
155,362,Low
155,655,Medium
155,862,Low
156,656,Medium
157,657,Low
158,658,Medium
159,659,Medium
160,373,Low
160,660,Low
161,661,Medium
162,662,Low
163,663,Medium
164,664,Medium
165,665,Low
166,666,Medium
167,667,Medium
168,668,Low
169,669,Medium
170,670,Medium
171,671,Low
172,672,Low
173,673,Medium
174,674,Low
175,675,Low
176,676,Medium
177,677,Low
178,678,Low
179,679,Medium
180,680,Low
181,681,Low
182,682,Low
183,683,Low
184,684,Medium
185,685,Low
186,686,Low
187,687,Low
188,688,Low
189,689,Medium
190,690,Low
191,691,Low
192,692,Medium
193,693,Medium
194,694,Medium
195,695,Medium
196,696,Low
197,697,Low
198,698,Medium
199,699,Low
200,700,Low
201,701,Low
202,702,Low
203,703,Medium
204,704,Low
205,705,Low
206,706,Low
207,707,Low
208,708,Medium
209,709,Medium
210,710,Medium
211,711,Low
212,712,Medium
213,713,Medium
214,714,Medium
215,715,Low
216,716,Low
217,717,Medium
218,718,Medium
219,719,Low
220,720,Low
221,721,Medium
222,722,Low
223,291,Low
223,723,Medium
223,791,Low
224,724,Medium
225,725,Medium
226,726,Low
227,727,Medium
228,728,Low
229,729,Low
230,730,Low
231,731,Medium
232,732,Medium
233,733,Low
234,734,Low
235,735,Medium
236,736,Low
237,737,Medium
238,738,Low
239,739,Medium
240,740,Low
241,741,Low
242,742,Medium
243,743,Low
244,744,Low
245,745,Low
246,746,Medium
247,747,Medium
248,748,Medium
249,749,Low
250,750,Medium
251,751,Low
252,752,Low
253,753,Medium
254,754,Low
255,755,Low
256,756,Low
257,757,Low
258,758,Medium
259,759,Medium
260,760,Medium
261,761,Low
262,762,Medium
263,763,Medium
264,764,Low
265,765,Medium
266,766,Low
267,767,Medium
268,768,Low
269,769,Low
270,770,Medium
271,771,Low
272,772,Low
273,773,Low
274,774,Low
275,775,Medium
276,776,Low
277,777,Low
278,778,Medium
279,779,Low
280,780,Low
281,781,Medium
282,782,Medium
283,783,Low
284,784,Low
285,785,Low
286,786,Medium
287,787,Medium
288,788,Low
289,789,Medium
290,790,Medium
291,723,Low
291,791,Medium
292,792,Low
293,793,Medium
294,794,Low
295,795,Medium
296,796,Low
297,797,Low
298,798,Low
299,799,Medium
300,800,Low
301,801,Low
302,802,Low
303,803,Medium
304,804,Medium
305,805,Medium
306,806,Low
307,807,Low
308,808,Medium
309,809,Low
310,810,Low
311,811,Low
312,812,Low
313,813,Low
314,814,Low
315,815,Low
316,816,Medium
317,817,Low
318,818,Low
319,819,Medium
320,820,Low
321,821,Low
322,822,Low
323,823,Medium
324,824,Low
325,825,Low
326,826,Low
327,827,Low
328,828,Low
329,829,Low
330,830,Medium
331,831,Medium
332,832,Low
333,833,Low
334,834,Medium
335,835,Low
336,836,Low
337,837,Low
338,838,Low
339,839,Low
340,840,Medium
341,841,Medium
342,842,Medium
343,843,Medium
344,844,Low
345,591,Low
345,845,Medium
346,846,Low
347,847,Medium
348,848,Low
349,849,Low
350,850,Medium
351,851,Low
352,852,Low
353,853,Medium
354,854,Medium
355,855,Medium
356,856,Low
357,857,Medium
358,858,Low
359,859,Low
360,860,Low
361,861,Medium
362,655,Low
362,862,Medium
363,863,Low
364,864,Low
365,865,Medium
366,866,Low
367,867,Low
368,868,Low
369,869,Medium
370,870,Low
371,871,Medium
372,872,Low
373,873,Low
374,874,Medium
375,875,Low
376,876,Medium
377,877,Low
378,878,Low
379,879,Low
380,880,Medium
381,881,Medium
382,882,Low
383,883,Low
384,884,Medium
385,885,Medium
386,886,Medium
387,887,Low
388,888,Low
389,889,Medium
390,890,Low
391,891,Low
392,892,Low
393,893,Medium
394,894,Low
395,895,Medium
396,896,Low
397,539,Low
397,897,Low
398,898,Low
399,899,Low
411,467,Low
412,912,Low
413,913,Low
414,914,Low
418,918,Low
421,921,Low
432,932,Low
438,938,Low
440,940,Low
447,947,Low
450,950,Medium
451,951,High
452,952,Medium
453,953,Medium
454,954,Medium
455,955,High
456,956,Medium
457,957,High
458,958,Medium
459,959,High
460,960,Medium
461,961,Medium
462,962,High
463,963,High
464,964,Medium
465,965,Medium
466,966,High
467,967,Medium
468,968,Medium
469,969,High
470,970,Medium
471,971,Medium
472,972,High
473,973,High
474,974,Medium
475,975,High
476,976,High
477,977,High
478,978,Medium
479,979,High
480,980,Medium
481,981,Medium
482,982,High
483,983,High
484,984,Medium
485,985,High
486,986,Medium
487,987,High
488,988,Medium
489,989,High
490,990,Medium
491,991,Medium
492,992,High
493,993,Medium
494,994,Medium
495,995,Medium
496,996,High
497,997,Medium
498,998,Medium
499,999,Medium
500,1000,Medium
536,828,Low
539,897,Low
591,845,Low
655,862,Low
660,873,Low
700,762,Medium
701,901,Medium
702,752,Medium
702,872,Medium
704,842,Medium
704,948,Medium
707,759,Medium
708,745,Medium
709,792,Medium
710,719,Medium
711,853,Medium
714,748,Medium
714,822,Medium
714,828,Medium
715,915,Medium
717,782,Medium
718,820,Medium
722,843,Medium
723,734,Medium
723,791,Low
723,796,Medium
724,923,Medium
724,940,Medium
725,918,Medium
726,858,Medium
726,949,Medium
728,911,Medium
729,891,Medium
729,921,Medium
731,750,Medium
732,939,Medium
734,796,Medium
736,801,Medium
736,855,Medium
736,875,Medium
742,767,Medium
742,850,Medium
742,930,Medium
744,811,Medium
744,818,Medium
746,804,Medium
746,919,Medium
747,823,Medium
747,824,Medium
747,914,Medium
748,822,Medium
748,828,Medium
749,840,Medium
749,910,Medium
752,872,Medium
755,830,Medium
756,780,Medium
763,774,Medium
764,802,Medium
764,815,Medium
766,904,Medium
767,850,Medium
767,930,Medium
768,825,Medium
771,783,Medium
772,878,Medium
772,884,Medium
773,845,Medium
778,791,Medium
781,862,Medium
785,831,Medium
785,841,Medium
786,903,Medium
788,907,Medium
789,931,Medium
794,882,Medium
795,887,Medium
801,855,Medium
801,875,Medium
802,815,Medium
803,943,Medium
804,919,Medium
807,917,Medium
809,883,Medium
811,818,Medium
813,868,Medium
813,926,Medium
819,933,Medium
822,828,Medium
823,824,Medium
823,914,Medium
824,914,Medium
831,841,Medium
832,876,Medium
840,910,Medium
842,948,Medium
848,873,Medium
850,930,Medium
851,936,Medium
855,875,Medium
858,949,Medium
860,916,Medium
861,944,Medium
868,926,Medium
869,886,Medium
870,877,Medium
870,880,Medium
877,880,Medium
878,884,Medium
891,921,Medium
896,899,Medium
896,929,Medium
899,929,Medium
900,901,Low
900,902,Low
900,903,Low
900,904,Low
900,905,Low
900,906,Low
900,907,Low
900,908,Low
900,909,Low
900,910,Low
900,911,Low
900,912,Low
900,913,Low
900,914,Low
900,915,Low
900,916,Low
900,917,Low
900,918,Low
900,919,Low
900,920,Low
900,921,Low
900,922,Low
900,923,Low
900,924,Low
900,925,Medium
900,926,Low
900,927,Low
900,928,Low
900,929,Low
900,930,Low
900,931,Low
900,932,Low
900,933,Low
900,934,Low
900,935,Low
900,936,Low
900,937,Low
900,938,Low
900,939,Low
900,940,Low
900,941,Low
900,942,Low
900,943,Low
900,944,Low
900,945,Low
900,946,Low
900,947,Low
900,948,Low
900,949,Low
901,902,Low
901,903,Low
901,904,Low
901,905,Low
901,906,Low
901,907,Low
901,908,Low
901,909,Low
901,910,Low
901,911,Low
901,912,Low
901,913,Low
901,914,Low
901,915,Low
901,916,Low
901,917,Low
901,918,Low
901,919,Low
901,920,Low
901,921,Low
901,922,Low
901,923,Low
901,924,Low
901,925,Low
901,926,Low
901,927,Low
901,928,Low
901,929,Low
901,930,Low
901,931,Low
901,932,Low
901,933,Low
901,934,Low
901,935,Low
901,936,Low
901,937,Low
901,938,Low
901,939,Low
901,940,Low
901,941,Low
901,942,Low
901,943,Low
901,944,Low
901,945,Low
901,946,Low
901,947,Low
901,948,Low
901,949,Low
902,903,Low
902,904,Low
902,905,Low
902,906,Low
902,907,Low
902,908,Low
902,909,Low
902,910,Low
902,911,Low
902,912,Low
902,913,Low
902,914,Low
902,915,Low
902,916,Low
902,917,Low
902,918,Low
902,919,Low
902,920,Low
902,921,Low
902,922,Low
902,923,Low
902,924,Low
902,925,Low
902,926,Low
902,927,Low
902,928,Low
902,929,Low
902,930,Low
902,931,Low
902,932,Low
902,933,Low
902,934,Low
902,935,Low
902,936,Low
902,937,Low
902,938,Low
902,939,Low
902,940,Low
902,941,Low
902,942,Low
902,943,Low
902,944,Low
902,945,Low
902,946,Low
902,947,Low
902,948,Low
902,949,Low
903,904,Low
903,905,Low
903,906,Low
903,907,Low
903,908,Low
903,909,Low
903,910,Low
903,911,Low
903,912,Low
903,913,Low
903,914,Low
903,915,Low
903,916,Low
903,917,Low
903,918,Low
903,919,Low
903,920,Low
903,921,Low
903,922,Low
903,923,Low
903,924,Low
903,925,Low
903,926,Low
903,927,Low
903,928,Low
903,929,Low
903,930,Low
903,931,Low
903,932,Low
903,933,Low
903,934,Low
903,935,Low
903,936,Low
903,937,Low
903,938,Low
903,939,Low
903,940,Low
903,941,Low
903,942,Low
903,943,Low
903,944,Low
903,945,Low
903,946,Low
903,947,Low
903,948,Low
903,949,Low
904,905,Low
904,906,Low
904,907,Low
904,908,Low
904,909,Low
904,910,Low
904,911,Low
904,912,Low
904,913,Low
904,914,Low
904,915,Low
904,916,Low
904,917,Low
904,918,Low
904,919,Low
904,920,Low
904,921,Low
904,922,Low
904,923,Low
904,924,Low
904,925,Low
904,926,Low
904,927,Low
904,928,Low
904,929,Low
904,930,Low
904,931,Low
904,932,Low
904,933,Low
904,934,Low
904,935,Low
904,936,Low
904,937,Low
904,938,Low
904,939,Low
904,940,Low
904,941,Low
904,942,Low
904,943,Low
904,944,Low
904,945,Low
904,946,Low
904,947,Low
904,948,Low
904,949,Low
905,906,Low
905,907,Low
905,908,Low
905,909,Low
905,910,Low
905,911,Low
905,912,Low
905,913,Low
905,914,Low
905,915,Low
905,916,Low
905,917,Low
905,918,Low
905,919,Low
905,920,Low
905,921,Low
905,922,Low
905,923,Low
905,924,Low
905,925,Low
905,926,Low
905,927,Low
905,928,Low
905,929,Low
905,930,Low
905,931,Low
905,932,Low
905,933,Low
905,934,Low
905,935,Low
905,936,Low
905,937,Low
905,938,Low
905,939,Low
905,940,Low
905,941,Low
905,942,Low
905,943,Low
905,944,Low
905,945,Low
905,946,Low
905,947,Low
905,948,Low
905,949,Low
906,907,Low
906,908,Low
906,909,Low
906,910,Low
906,911,Low
906,912,Low
906,913,Low
906,914,Low
906,915,Low
906,916,Low
906,917,Low
906,918,Low
906,919,Low
906,920,Low
906,921,Low
906,922,Low
906,923,Low
906,924,Low
906,925,Low
906,926,Low
906,927,Low
906,928,Low
906,929,Low
906,930,Low
906,931,Low
906,932,Low
906,933,Low
906,934,Low
906,935,Low
906,936,Low
906,937,Low
906,938,Low
906,939,Low
906,940,Low
906,941,Low
906,942,Low
906,943,Low
906,944,Low
906,945,Low
906,946,Low
906,947,Low
906,948,Low
906,949,Low
907,908,Low
907,909,Low
907,910,Low
907,911,Low
907,912,Low
907,913,Low
907,914,Low
907,915,Low
907,916,Low
907,917,Low
907,918,Low
907,919,Low
907,920,Low
907,921,Low
907,922,Low
907,923,Low
907,924,Low
907,925,Low
907,926,Low
907,927,Low
907,928,Low
907,929,Low
907,930,Low
907,931,Low
907,932,Low
907,933,Low
907,934,Low
907,935,Low
907,936,Low
907,937,Low
907,938,Low
907,939,Low
907,940,Low
907,941,Low
907,942,Low
907,943,Low
907,944,Low
907,945,Low
907,946,Low
907,947,Low
907,948,Low
907,949,Low
908,909,Low
908,910,Low
908,911,Low
908,912,Low
908,913,Low
908,914,Low
908,915,Low
908,916,Low
908,917,Low
908,918,Low
908,919,Low
908,920,Low
908,921,Low
908,922,Low
908,923,Low
908,924,Low
908,925,Low
908,926,Low
908,927,Low
908,928,Low
908,929,Low
908,930,Low
908,931,Low
908,932,Low
908,933,Low
908,934,Low
908,935,Low
908,936,Low
908,937,Low
908,938,Low
908,939,Low
908,940,Low
908,941,Low
908,942,Low
908,943,Low
908,944,Low
908,945,Low
908,946,Low
908,947,Low
908,948,Low
908,949,Low
909,910,Low
909,911,Low
909,912,Low
909,913,Low
909,914,Low
909,915,Low
909,916,Low
909,917,Low
909,918,Low
909,919,Low
909,920,Low
909,921,Low
909,922,Low
909,923,Low
909,924,Low
909,925,Low
909,926,Low
909,927,Low
909,928,Low
909,929,Low
909,930,Low
909,931,Low
909,932,Low
909,933,Low
909,934,Low
909,935,Low
909,936,Low
909,937,Low
909,938,Low
909,939,Low
909,940,Low
909,941,Low
909,942,Low
909,943,Low
909,944,Low
909,945,Low
909,946,Low
909,947,Low
909,948,Low
909,949,Low
910,911,Low
910,912,Low
910,913,Low
910,914,Low
910,915,Low
910,916,Low
910,917,Low
910,918,Low
910,919,Low
910,920,Low
910,921,Low
910,922,Low
910,923,Low
910,924,Low
910,925,Low
910,926,Low
910,927,Low
910,928,Low
910,929,Low
910,930,Low
910,931,Low
910,932,Low
910,933,Low
910,934,Low
910,935,Low
910,936,Low
910,937,Low
910,938,Low
910,939,Low
910,940,Low
910,941,Low
910,942,Low
910,943,Low
910,944,Low
910,945,Low
910,946,Low
910,947,Low
910,948,Low
910,949,Low
911,912,Low
911,913,Low
911,914,Low
911,915,Low
911,916,Low
911,917,Low
911,918,Low
911,919,Low
911,920,Low
911,921,Low
911,922,Low
911,923,Low
911,924,Low
911,925,Low
911,926,Low
911,927,Low
911,928,Low
911,929,Low
911,930,Low
911,931,Low
911,932,Low
911,933,Low
911,934,Low
911,935,Low
911,936,Low
911,937,Low
911,938,Low
911,939,Low
911,940,Low
911,941,Low
911,942,Low
911,943,Low
911,944,Low
911,945,Low
911,946,Low
911,947,Low
911,948,Low
911,949,Low
912,913,Low
912,914,Low
912,915,Low
912,916,Low
912,917,Low
912,918,Low
912,919,Low
912,920,Low
912,921,Low
912,922,Low
912,923,Low
912,924,Low
912,925,Low
912,926,Low
912,927,Low
912,928,Low
912,929,Low
912,930,Low
912,931,Low
912,932,Low
912,933,Low
912,934,Low
912,935,Low
912,936,Low
912,937,Low
912,938,Low
912,939,Low
912,940,Low
912,941,Low
912,942,Low
912,943,Low
912,944,Low
912,945,Low
912,946,Low
912,947,Low
912,948,Low
912,949,Low
913,914,Low
913,915,Low
913,916,Low
913,917,Low
913,918,Low
913,919,Low
913,920,Low
913,921,Low
913,922,Low
913,923,Low
913,924,Low
913,925,Low
913,926,Low
913,927,Low
913,928,Low
913,929,Low
913,930,Low
913,931,Low
913,932,Low
913,933,Low
913,934,Low
913,935,Low
913,936,Low
913,937,Low
913,938,Low
913,939,Low
913,940,Low
913,941,Low
913,942,Low
913,943,Low
913,944,Low
913,945,Low
913,946,Low
913,947,Low
913,948,Low
913,949,Low
914,915,Low
914,916,Low
914,917,Low
914,918,Low
914,919,Low
914,920,Low
914,921,Low
914,922,Low
914,923,Low
914,924,Low
914,925,Low
914,926,Low
914,927,Low
914,928,Low
914,929,Low
914,930,Low
914,931,Low
914,932,Low
914,933,Low
914,934,Low
914,935,Low
914,936,Low
914,937,Low
914,938,Low
914,939,Low
914,940,Low
914,941,Low
914,942,Low
914,943,Low
914,944,Low
914,945,Low
914,946,Low
914,947,Low
914,948,Low
914,949,Low
915,916,Low
915,917,Low
915,918,Low
915,919,Low
915,920,Low
915,921,Low
915,922,Low
915,923,Low
915,924,Low
915,925,Low
915,926,Low
915,927,Low
915,928,Low
915,929,Low
915,930,Low
915,931,Low
915,932,Low
915,933,Low
915,934,Low
915,935,Low
915,936,Low
915,937,Low
915,938,Low
915,939,Low
915,940,Low
915,941,Low
915,942,Low
915,943,Low
915,944,Low
915,945,Low
915,946,Low
915,947,Low
915,948,Low
915,949,Low
916,917,Low
916,918,Low
916,919,Low
916,920,Low
916,921,Low
916,922,Low
916,923,Low
916,924,Low
916,925,Low
916,926,Low
916,927,Low
916,928,Low
916,929,Low
916,930,Low
916,931,Low
916,932,Low
916,933,Low
916,934,Low
916,935,Low
916,936,Low
916,937,Low
916,938,Low
916,939,Low
916,940,Low
916,941,Low
916,942,Low
916,943,Low
916,944,Low
916,945,Low
916,946,Low
916,947,Low
916,948,Low
916,949,Low
917,918,Low
917,919,Low
917,920,Low
917,921,Low
917,922,Low
917,923,Low
917,924,Low
917,925,Low
917,926,Low
917,927,Low
917,928,Low
917,929,Low
917,930,Low
917,931,Low
917,932,Low
917,933,Low
917,934,Low
917,935,Low
917,936,Low
917,937,Low
917,938,Low
917,939,Low
917,940,Low
917,941,Low
917,942,Low
917,943,Low
917,944,Low
917,945,Low
917,946,Low
917,947,Low
917,948,Low
917,949,Low
918,919,Low
918,920,Low
918,921,Low
918,922,Low
918,923,Low
918,924,Low
918,925,Low
918,926,Low
918,927,Low
918,928,Low
918,929,Low
918,930,Low
918,931,Low
918,932,Low
918,933,Low
918,934,Low
918,935,Low
918,936,Low
918,937,Low
918,938,Low
918,939,Low
918,940,Low
918,941,Low
918,942,Low
918,943,Low
918,944,Low
918,945,Low
918,946,Low
918,947,Low
918,948,Low
918,949,Low
919,920,Low
919,921,Low
919,922,Low
919,923,Low
919,924,Low
919,925,Low
919,926,Low
919,927,Low
919,928,Low
919,929,Low
919,930,Low
919,931,Low
919,932,Low
919,933,Low
919,934,Low
919,935,Low
919,936,Low
919,937,Low
919,938,Low
919,939,Low
919,940,Low
919,941,Low
919,942,Low
919,943,Low
919,944,Low
919,945,Low
919,946,Low
919,947,Low
919,948,Low
919,949,Low
920,921,Low
920,922,Low
920,923,Low
920,924,Low
920,925,Low
920,926,Low
920,927,Low
920,928,Low
920,929,Low
920,930,Low
920,931,Low
920,932,Low
920,933,Low
920,934,Low
920,935,Low
920,936,Low
920,937,Low
920,938,Low
920,939,Low
920,940,Low
920,941,Low
920,942,Low
920,943,Low
920,944,Low
920,945,Low
920,946,Low
920,947,Low
920,948,Low
920,949,Low
921,922,Low
921,923,Low
921,924,Low
921,925,Low
921,926,Low
921,927,Low
921,928,Low
921,929,Low
921,930,Low
921,931,Low
921,932,Low
921,933,Low
921,934,Low
921,935,Low
921,936,Low
921,937,Low
921,938,Low
921,939,Low
921,940,Low
921,941,Low
921,942,Low
921,943,Low
921,944,Low
921,945,Low
921,946,Low
921,947,Low
921,948,Low
921,949,Low
922,923,Low
922,924,Low
922,925,Low
922,926,Low
922,927,Low
922,928,Low
922,929,Low
922,930,Low
922,931,Low
922,932,Low
922,933,Low
922,934,Low
922,935,Low
922,936,Low
922,937,Low
922,938,Low
922,939,Low
922,940,Low
922,941,Low
922,942,Low
922,943,Low
922,944,Low
922,945,Low
922,946,Low
922,947,Low
922,948,Low
922,949,Low
923,924,Low
923,925,Low
923,926,Low
923,927,Low
923,928,Low
923,929,Low
923,930,Low
923,931,Low
923,932,Low
923,933,Low
923,934,Low
923,935,Low
923,936,Low
923,937,Low
923,938,Low
923,939,Low
923,940,Medium
923,941,Low
923,942,Low
923,943,Low
923,944,Low
923,945,Low
923,946,Low
923,947,Low
923,948,Low
923,949,Low
924,925,Low
924,926,Low
924,927,Low
924,928,Low
924,929,Low
924,930,Low
924,931,Low
924,932,Low
924,933,Low
924,934,Low
924,935,Low
924,936,Low
924,937,Low
924,938,Low
924,939,Low
924,940,Low
924,941,Low
924,942,Low
924,943,Low
924,944,Low
924,945,Low
924,946,Low
924,947,Low
924,948,Low
924,949,Low
925,926,Low
925,927,Low
925,928,Low
925,929,Low
925,930,Low
925,931,Low
925,932,Low
925,933,Low
925,934,Low
925,935,Low
925,936,Low
925,937,Low
925,938,Low
925,939,Low
925,940,Low
925,941,Low
925,942,Low
925,943,Low
925,944,Low
925,945,Low
925,946,Low
925,947,Low
925,948,Low
925,949,Low
926,927,Low
926,928,Low
926,929,Low
926,930,Low
926,931,Low
926,932,Low
926,933,Low
926,934,Low
926,935,Low
926,936,Low
926,937,Low
926,938,Low
926,939,Low
926,940,Low
926,941,Low
926,942,Low
926,943,Low
926,944,Low
926,945,Low
926,946,Low
926,947,Low
926,948,Low
926,949,Low
927,928,Low
927,929,Low
927,930,Low
927,931,Low
927,932,Low
927,933,Low
927,934,Low
927,935,Low
927,936,Low
927,937,Low
927,938,Low
927,939,Low
927,940,Low
927,941,Low
927,942,Low
927,943,Low
927,944,Low
927,945,Low
927,946,Low
927,947,Low
927,948,Low
927,949,Low
928,929,Low
928,930,Low
928,931,Low
928,932,Low
928,933,Low
928,934,Low
928,935,Low
928,936,Low
928,937,Low
928,938,Low
928,939,Low
928,940,Low
928,941,Low
928,942,Low
928,943,Low
928,944,Low
928,945,Low
928,946,Low
928,947,Low
928,948,Low
928,949,Low
929,930,Low
929,931,Low
929,932,Low
929,933,Low
929,934,Low
929,935,Low
929,936,Low
929,937,Low
929,938,Low
929,939,Low
929,940,Low
929,941,Low
929,942,Low
929,943,Low
929,944,Low
929,945,Low
929,946,Low
929,947,Low
929,948,Low
929,949,Low
930,931,Low
930,932,Low
930,933,Low
930,934,Low
930,935,Low
930,936,Low
930,937,Low
930,938,Low
930,939,Low
930,940,Low
930,941,Low
930,942,Low
930,943,Low
930,944,Low
930,945,Low
930,946,Low
930,947,Low
930,948,Low
930,949,Low
931,932,Low
931,933,Low
931,934,Low
931,935,Low
931,936,Low
931,937,Low
931,938,Low
931,939,Low
931,940,Low
931,941,Low
931,942,Low
931,943,Low
931,944,Low
931,945,Low
931,946,Low
931,947,Low
931,948,Low
931,949,Low
932,933,Low
932,934,Low
932,935,Low
932,936,Low
932,937,Low
932,938,Low
932,939,Low
932,940,Low
932,941,Low
932,942,Low
932,943,Low
932,944,Low
932,945,Low
932,946,Low
932,947,Low
932,948,Low
932,949,Low
933,934,Low
933,935,Low
933,936,Low
933,937,Low
933,938,Low
933,939,Low
933,940,Low
933,941,Low
933,942,Low
933,943,Low
933,944,Low
933,945,Low
933,946,Low
933,947,Low
933,948,Low
933,949,Low
934,935,Low
934,936,Low
934,937,Low
934,938,Low
934,939,Low
934,940,Low
934,941,Low
934,942,Low
934,943,Low
934,944,Low
934,945,Low
934,946,Low
934,947,Low
934,948,Low
934,949,Low
935,936,Low
935,937,Low
935,938,Low
935,939,Low
935,940,Low
935,941,Low
935,942,Low
935,943,Low
935,944,Low
935,945,Low
935,946,Low
935,947,Low
935,948,Low
935,949,Low
936,937,Low
936,938,Low
936,939,Low
936,940,Low
936,941,Low
936,942,Low
936,943,Low
936,944,Low
936,945,Low
936,946,Low
936,947,Low
936,948,Low
936,949,Low
937,938,Low
937,939,Low
937,940,Low
937,941,Low
937,942,Low
937,943,Low
937,944,Low
937,945,Low
937,946,Low
937,947,Low
937,948,Low
937,949,Low
938,939,Low
938,940,Low
938,941,Low
938,942,Low
938,943,Low
938,944,Low
938,945,Low
938,946,Low
938,947,Low
938,948,Low
938,949,Low
939,940,Low
939,941,Low
939,942,Low
939,943,Low
939,944,Low
939,945,Low
939,946,Low
939,947,Low
939,948,Low
939,949,Low
940,941,Low
940,942,Low
940,943,Low
940,944,Low
940,945,Low
940,946,Low
940,947,Low
940,948,Low
940,949,Low
941,942,Low
941,943,Low
941,944,Low
941,945,Low
941,946,Low
941,947,Low
941,948,Low
941,949,Low
942,943,Low
942,944,Low
942,945,Low
942,946,Low
942,947,Low
942,948,Low
942,949,Low
943,944,Low
943,945,Low
943,946,Low
943,947,Low
943,948,Low
943,949,Low
944,945,Low
944,946,Low
944,947,Low
944,948,Low
944,949,Low
945,946,Low
945,947,Low
945,948,Low
945,949,Low
946,947,Low
946,948,Low
946,949,Low
947,948,Low
947,949,Low
948,949,Low
